Product Name,Price,Rating
Plum 2% Niacinamide & Rice Water SPF 50 PA+++ Sunscreen - Fa...,₹319,No Rating
"Dot & Key Vitamin C + E Super Bright Sunscreen, SPF 50+ PA++...",₹387,No Rating
Minimalist Light Fluid SPF 50 Face Sunscreen,₹449,No Rating
Beauty Of Joseon Relief Sunscreen Rice + Probiotics SPF 50+ ...,₹1570,No Rating
Eucerin Pigment Control Sunscreen Fluid SPF50+ Has Thiamidol...,₹1440,No Rating
Pilgrim 5% Vitamin C Complex Brightening Serum Sunscreen SPF...,₹396,No Rating
The Derma Co 1% Hyaluronic Sunscreen SPF 50 PA++++ Aqua Gel ...,₹594,No Rating
Brinton Healthcare Uvdoux Face & Body Sunscreen Gel,₹761,No Rating
Foxtale SPF 50 Glow Sunscreen,₹425,No Rating
Kay Beauty Hydra Glow All in One Serum Skin Tint-SPF 40 PA++...,₹1199,No Rating
"Dot & Key Watermelon Cooling Sunscreen, SPF 50+ PA++++ In-Vi...",₹387,No Rating
Beauty of Joseon Relief Sunscreen Rice + Probiotics SPF 50+ ...,₹1570,No Rating
Dot & Key Strawberry Dew Tinted Sunscreen SPF 50+ PA++++,₹529,No Rating
Beauty of Joseon Relief Sun Aqua-Fresh Add SPF 50+ PA++++ Ri...,₹1570,No Rating
Earth Rhythm Rosy Ritual Glow Tinted Sunscreen In Vivo Teste...,₹419,No Rating
Minimalist SPF 50 PA ++++ Sunscreen With Multi-Vitamin For R...,₹359,No Rating
"Deconstruct Gel Sunscreen SPF 50+ PA+++, No White Cast, Ligh...",₹379,No Rating
The Derma Co 1% Hyaluronic Sunscreen Spf 50 Pa+++ Aqua Gel F...,₹594,No Rating
Neutrogena Ultrasheer SPF50+ PA++++ Ultra Light Moisturizing...,₹649,No Rating
WishCare Niacinamide Oil Balance Fluid Face Sunscreen for Oi...,₹399,No Rating
